<?xml version="1.0" encoding="UTF-8"?>
<project-private xmlns="http://www.netbeans.org/ns/project-private/1">
    <editor-bookmarks xmlns="http://www.netbeans.org/ns/editor-bookmarks/2" lastBookmarkId="0"/>
    <open-files xmlns="http://www.netbeans.org/ns/projectui-open-files/2">
        <group>
            <file>file:/home/dess95/Kuliah-Teknik-Informatika/Kuliah-Pemrograman-Web/pw-2019-gasal/selasa-pagi/pertemuan-6/products.php</file>
            <file>file:/home/dess95/Kuliah-Teknik-Informatika/Kuliah-Pemrograman-Web/pw-2019-gasal/selasa-pagi/pertemuan-6/cart.php</file>
            <file>file:/home/dess95/Kuliah-Teknik-Informatika/Kuliah-Pemrograman-Web/pw-2019-gasal/selasa-pagi/pertemuan-6/detil.php</file>
        </group>
    </open-files>
</project-private>
